subject,sessionInd,rep,H..,DD...t,UD...t,H.t,DD.t.i,UD.t.i,H.i,DD.i.e,UD.i.e,H.e,DD.e.5,UD.e.5,H.5,DD.5.Shift.r,UD.5.Shift.r,H.r,DD.Shift.r.o,UD.r.o,H.o,DD.o.a,UD.o.a,H.a,DD.a.n,UD.a.n,H.n,DD.n.l,UD.n.l,H.l,DD.l..,UD.l..,UD.o.n
ksenia,1,0,0.08302855491638184,0.1387927532196045,0.055764198303222656,0.09777951240539551,0.1410689353942871,0.0432894229888916,0.05801081657409668,0.059281349182128906,0.0012705326080322266,0.08735275268554688,0.20672130584716797,0.1193685531616211,0.06691598892211914,0.28309059143066406,0.21617460250854492,0.12128400802612305,0.14497900009155273,0.023694992065429688,0.06235337257385254,0.10651254653930664,0.0441591739654541,0.09700608253479004,0.05725407600402832,0.006291627883911133,0.04997515678405762,0.09740018844604492,0.047425031661987305,0.09531855583190918,3.796372175216675,3.7139902114868164,0.10141324996948242
