subject,sessionInd,rep,H..,DD...t,UD...t,H.t,DD.t.i,UD.t.i,H.i,DD.i.e,UD.i.e,H.e,DD.e.5,UD.e.5,H.5,DD.5.Shift.r,UD.5.Shift.r,DD.Shift.r.o,UD.Shift.r.o,H.o,DD.o.a,UD.o.a,H.a,DD.a.n,UD.a.n,H.n,DD.n.l,UD.n.l,H.l,DD.l..,UD.l..,DD.Shift.r.a,UD.Shift.r.a,DD.a.o,UD.a.o,DD.o.n,UD.o.n,H.r,UD.r.o
ksenia,1,0,0.08536386489868164,0.19243621826171875,0.10707235336303711,0.09320425987243652,0.14242124557495117,0.04921698570251465,0.08154010772705078,0.13711810111999512,0.055577993392944336,0.08066225051879883,0.28145408630371094,0.2007918357849121,0.09041881561279297,0.23552536964416504,0.14510655403137207,0.3894779682159424,0.31864309310913086,0.06050610542297363,0.13760709762573242,0.07710099220275879,0.08621072769165039,0.14754295349121094,0.06133222579956055,0.09795165061950684,0.1618659496307373,0.06391429901123047,0.0800619125366211,48.924424171447754,48.87574291229248,0.19333887100219727,0.11738729476928711,0.22478008270263672,0.13204097747802734,0.25159168243408203,0.11746668815612793,0.07483673095703125,0.6735937595367432
