H..,DD...t,UD...t,H.t,DD.t.i,UD.t.i,H.i,DD.i.e,UD.i.e,H.e,DD.e.5,UD.e.5,H.5,DD.5.Shift.r,UD.5.Shift.r,H.r,DD.Shift.r.o,UD.r.o,H.o,DD.o.a,UD.o.a,H.a,DD.a.n,UD.a.n,H.n,DD.n.l,UD.n.l,H.l
0.11772274971008301,0.34146809577941895,0.22374534606933594,0.10064125061035156,0.1979527473449707,0.09731149673461914,0.11147451400756836,0.41466569900512695,0.3031911849975586,0.0992584228515625,1.1845991611480713,1.0853407382965088,0.10081267356872559,0.3710479736328125,0.2702353000640869,0.08798098564147949,1.1529572010040283,1.0649762153625488,0.12115645408630371,0.570810079574585,0.44965362548828125,0.06908178329467773,0.4419264793395996,0.3728446960449219,0.08032059669494629,0.2104794979095459,0.1301589012145996,0.09556818008422852
